{"mean":{"confidence_interval":{"confidence_level":0.95,"lower_bound":3437371462.31575,"upper_bound":3764918776.5457497},"point_estimate":3592424775.88,"standard_error":83877257.38842607},"median":{"confidence_interval":{"confidence_level":0.95,"lower_bound":3190537471.0,"upper_bound":3373161318.0},"point_estimate":3248528983.0,"standard_error":43824123.607096195},"median_abs_dev":{"confidence_interval":{"confidence_level":0.95,"lower_bound":198649134.53407288,"upper_bound":399041195.8060026},"point_estimate":282325816.0972148,"standard_error":47334812.58753452},"slope":null,"std_dev":{"confidence_interval":{"confidence_level":0.95,"lower_bound":603151689.9590001,"upper_bound":1041711070.8061782},"point_estimate":842118028.9262407,"standard_error":112136759.14490962}}