{"mean":{"confidence_interval":{"confidence_level":0.95,"lower_bound":-0.6054449472848338,"upper_bound":-0.5195147871586924},"point_estimate":-0.5643023213191198,"standard_error":0.021949818988257066},"median":{"confidence_interval":{"confidence_level":0.95,"lower_bound":-0.5403903243319289,"upper_bound":-0.4885134890028935},"point_estimate":-0.5135788766998404,"standard_error":0.01387141379897791}}